	trait	chr	pos	cross	forward_scan_marker	index	p-value	q-value	LOD	relocalized_peak	1.5 LOD drop CI, left	1.5 LOD drop CI, right	variance explained	Beta	qtl_left	qtl_right	Diploid Parent	Strain ID of Parent 1 in Peter et al. 2018	Parent 1	Parent 2	name of cross used in provided code	Magic Marker Plasmid (if used)	Number of Segregants Analyzed	Beta_abs	qtl_genes	num_qtl_genes	Systematic Name	Gene ID	Chr	start	end
0	Caffeine;15mM;2	chrXV	624258	B	chrXV_620334_A_G_61508	18833	0.0001	0.000100005000333347	74.281303491961	chrXV_624258_G_A_61750	chrXV_624258_G_A_61750	chrXV_624626_T_A_61767	0.115871414776697	0.909699203143355	624258	624626	YLK2444	ACD	YPS163 MatA ho∆::HphMX flo8∆::NatMX (YLK2438)	YJM145 MatAlpha ho∆::HphMX flo8∆::NatMX (YLK2436; yST176)	B	(none)	953	0.909699203143355	['YOR153W']	1	YOR153W	PDR5	chrXV	619840	624375
1	Fluconazole;100uM;2	chrXV	621444	B	chrXV_621444_A_G_61540	18839	0.0001	0.000100005000333347	117.931451960601	chrXV_621444_A_G_61540	chrXV_621444_A_G_61540	chrXV_621621_C_T_61551	0.549583983922541	0.920555661246137	621444	621621	YLK2444	ACD	YPS163 MatA ho∆::HphMX flo8∆::NatMX (YLK2438)	YJM145 MatAlpha ho∆::HphMX flo8∆::NatMX (YLK2436; yST176)	B	(none)	953	0.920555661246137	['YOR153W']	1	YOR153W	PDR5	chrXV	619840	624375
2	Fluconazole;100uM;2	chrXV	619941	377	chrXV_619941_G_T_47212	23734	0.0001	0.000100005000333347	168.252714874629	chrXV_619941_G_T_47212	chrXV_619941_G_T_47212	chrXV_619941_G_T_47212	0.502428644537097	-0.71139703939788	619941	619941	yST377	AAS	YJM145 MatAlpha ho∆::HphMX flo8∆::NatMX (yST176)	Clib413 MatA ho∆::KanMX (BoxA1 D3)	377	MF2 p41Nat	841	0.71139703939788	['YOR153W']	1	YOR153W	PDR5	chrXV	619840	624375
3	Fluconazole;100uM;2	chrXV	622413	3049	chrXV_622413_A_G_72894	25133	0.0001	0.000100005000333347	120.009983122549	chrXV_622413_A_G_72894	chrXV_622413_A_G_72894	chrXV_622950_T_A_72899	0.356617100408625	-0.607319673405886	622413	622950	YLK3049	ADE	PW5 MatAlpha ho∆::HphMX (yST235)	273614 MatA ho∆::KanMX (yST133)	3049	MF2 p41Nat	884	0.607319673405886	['YOR153W']	1	YOR153W	PDR5	chrXV	619840	624375
4	Fluconazole;100uM;2	chrXV	624320	377	chrXV_474477_C_A_46484	23322	0.000900000000000012	0.000300105061041049	7.93299132627033	chrXV_624320_TTTTC_T_47455	chrXV_624279_C_T_47449	chrXV_624327_C_T_47456	0.0118657046478523	0.107986900549046	624279	624327	yST377	AAS	YJM145 MatAlpha ho∆::HphMX flo8∆::NatMX (yST176)	Clib413 MatA ho∆::KanMX (BoxA1 D3)	377	MF2 p41Nat	841	0.107986900549046	['YOR153W']	1	YOR153W	PDR5	chrXV	619840	624375
5	Fluconazole;100uM;2	chrXV	624320	377	chrXV_230619_A_G_45458	22769	0.0649	0.0148372871406309	8.87427255506367	chrXV_624320_TTTTC_T_47455	chrXV_624279_C_T_47449	chrXV_624327_C_T_47456	0.00723794088952744	-0.0864772586499217	624279	624327	yST377	AAS	YJM145 MatAlpha ho∆::HphMX flo8∆::NatMX (yST176)	Clib413 MatA ho∆::KanMX (BoxA1 D3)	377	MF2 p41Nat	841	0.0864772586499217	['YOR153W']	1	YOR153W	PDR5	chrXV	619840	624375
6	Neomycin;5mg/mL;2	chrXV	623746	377	chrXV_623746_A_G_47376	23780	0.00680000000000003	0.001237210892021	5.40408337367415	chrXV_623746_A_G_47376	chrXV_621311_C_T_47226	chrXV_624327_C_T_47456	0.011327379419688	-0.105248524031831	621311	624327	yST377	AAS	YJM145 MatAlpha ho∆::HphMX flo8∆::NatMX (yST176)	Clib413 MatA ho∆::KanMX (BoxA1 D3)	377	MF2 p41Nat	841	0.105248524031831	['YOR153W']	1	YOR153W	PDR5	chrXV	619840	624375
7	Caffeine;15mM;2	chrIV	869369	3000	chrIV_869369_C_T_13248	5270	0.0001	0.000100005000333347	200.285454467881	chrIV_869369_C_T_13248	chrIV_869369_C_T_13248	chrIV_869407_G_T_13249	0.603363599625381	-0.769093574197069	869369	869407	YLK3000	ACS	I14 MatA ho∆::KanMX (BoxA1 E4)	Y10 MatAlpha ho∆::HphMX (yST188)	3000	MF2 p41Nat	896	0.769093574197069	['YDR208W']	1	YDR208W	MSS4	chrIV	868224	870563
8	Caffeine;15mM;2	chrIV	869558	3001	chrIV_869558_C_T_18328	6528	0.0001	0.000100005000333347	143.549759287415	chrIV_869558_C_T_18328	chrIV_869369_C_T_18326	chrIV_869558_C_T_18328	0.529934335336899	-0.727547862810525	869369	869558	YLK3001	ACI	Y10 MatAlpha ho∆::HphMX (yST170)	PW5 MatA ho∆::KanMX (BoxA1 F4)	3001	MF2 p41Nat	648	0.727547862810525	['YDR208W']	1	YDR208W	MSS4	chrIV	868224	870563
9	Caffeine;15mM;2	chrX	565886	2999	chrX_565886_G_A_47945	15351	0.0001	0.000100005000333347	210.102276289106	chrX_565886_G_A_47945	chrX_565631_T_C_47943	chrX_566656_A_G_47950	0.330092128387866	0.580752441114983	565631	566656	YLK2999	ADF	YPS1009 MatAlpha  ho∆::HphMX (yST186)	I14 MatA ho∆::KanMX (BoxA1 E4)	2999	MF2 p41Nat	936	0.580752441114983	['YJR066W']	1	YJR066W	TOR1	chrX	559416	566828
10	Caffeine;15mM;2	chrX	565262	3003	chrX_565262_T_C_21103	9092	0.0001	0.000100005000333347	108.787173653327	chrX_565262_T_C_21103	chrX_565262_T_C_21103	chrX_565373_T_C_21105	0.282899739243769	-0.539690056755707	565262	565373	YLK3003	SACE_MAA	273614 MatA ho∆::KanMX (yST133)	YJM981 MatAlpha ho∆::HphMX (yST191)	3003	MF2 p41Nat	899	0.539690056755707	['YJR066W']	1	YJR066W	TOR1	chrX	559416	566828
11	Caffeine;15mM;2	chrX	564818	376	chrX_560264_C_T_44107	17382	0.0001	0.000100005000333347	74.787660741235	chrX_564818_T_C_44123	chrX_560264_C_T_44107	chrX_565262_T_C_44124	0.244779066482358	0.497168689132003	560264	565262	yST376	AAA	RM MatAlpha AMN1-BY ho∆::HphMX flo8∆::NatMX (YLK1950)	YPS163 MatA ho∆::HphMX flo8∆::NatMX (YLK2438)	376	MF2 p41Neo	709	0.497168689132003	['YJR066W']	1	YJR066W	TOR1	chrX	559416	566828
12	Caffeine;15mM;2	chrX	564773	3004	chrX_564773_T_C_43781	16387	0.0001	0.000100005000333347	61.4752801435761	chrX_564773_T_C_43781	chrX_564773_T_C_43781	chrX_566656_A_G_43793	0.163675816846499	-0.40345479665389	564773	566656	YLK3004	ADI	YJM981 MatAlpha ho∆::HphMX (yST191)	CBS2888 MatA ho∆::KanMX (Box A1 C3)	3004	MF2 p41Nat	867	0.40345479665389	['YJR066W']	1	YJR066W	TOR1	chrX	559416	566828
13	Caffeine;15mM;2	chrXIV	467219	375	chrXIV_476709_GT_G_41557	16699	0.0001	0.000100005000333347	133.451995766646	chrXIV_467219_A_G_41540	chrXIV_467219_A_G_41540	chrXIV_467219_A_G_41540	0.297479875726482	-0.497321677445465	467219	467219	yST375	ADR	M22 MatAlpha dHO::HphMX 4 (YST331)	BY MatA (YLK1879)	375	MF2 p41Nat	876	0.497321677445465	['YNL085W']	1	YNL085W	MKT1	chrXIV	467131	469623
14	Caffeine;15mM;2	chrXI	56757	375	chrXI_56757_A_T_28742	11363	0.0001	0.000100005000333347	110.487199100381	chrXI_56757_A_T_28742	chrXI_56302_C_T_28740	chrXI_59361_A_G_28747	0.172838901305901	0.427466305904821	56302	59361	yST375	ADR	M22 MatAlpha dHO::HphMX 4 (YST331)	BY MatA (YLK1879)	375	MF2 p41Nat	876	0.427466305904821	['YKL203C']	1	YKL203C	TOR2	chrXI	55935	63359
15	Caffeine;15mM;2	chrXV	639610	377	chrXV_639610_T_G_47484	23810	0.0001	0.000100005000333347	32.6597422853989	chrXV_639610_T_G_47484	chrXV_639445_G_A_47483	chrXV_639669_A_G_47485	0.0638135439169342	0.408007127107126	639445	639669	yST377	AAS	YJM145 MatAlpha ho∆::HphMX flo8∆::NatMX (yST176)	Clib413 MatA ho∆::KanMX (BoxA1 D3)	377	MF2 p41Nat	841	0.408007127107126	['YOR162C']	1	YOR162C	YRR1	chrXV	639560	641992
16	Caffeine;15mM;2	chrV	85693	3004	chrV_85693_T_C_20022	7010	0.0001	0.000100005000333347	49.9298151794261	chrV_85693_T_C_20022	chrV_85578_C_T_20021	chrV_85693_T_C_20022	0.124006387173365	-0.371051153049159	85578	85693	YLK3004	ADI	YJM981 MatAlpha ho∆::HphMX (yST191)	CBS2888 MatA ho∆::KanMX (Box A1 C3)	3004	MF2 p41Nat	867	0.371051153049159	['YEL034W']	1	YEL034W	HYP2	chrV	85676	86149
17	Caffeine;15mM;2	chrIX	396463	377	chrIX_395469_T_C_24811	11908	0.0001	0.000100005000333347	42.5465706757026	chrIX_396463_G_A,*_24815	chrIX_394427_C_T_24804	chrIX_396557_A_G,*_24820	0.146077051144627	-0.357721372186611	394427	396557	yST377	AAS	YJM145 MatAlpha ho∆::HphMX flo8∆::NatMX (yST176)	Clib413 MatA ho∆::KanMX (BoxA1 D3)	377	MF2 p41Nat	841	0.357721372186611	['YIR020C']	1	YIR020C	YIR020C	chrIX	394255	394557
18	Neomycin;5mg/mL;2	chrIX	394427	377	chrIX_394427_C_T_24804	11904	0.0001	0.000100005000333347	71.7153498023069	chrIX_394427_C_T_24804	chrIX_393886_G_C,*_24797	chrIX_395469_T_C_24811	0.173709680950245	-0.411630283789012	393886	395469	yST377	AAS	YJM145 MatAlpha ho∆::HphMX flo8∆::NatMX (yST176)	Clib413 MatA ho∆::KanMX (BoxA1 D3)	377	MF2 p41Nat	841	0.411630283789012	['YIR020C']	1	YIR020C	YIR020C	chrIX	394255	394557
19	Caffeine;15mM;2	chrXII	192196	381	chrXII_192196_C_T_35617	13035	0.0001	0.000100005000333347	18.9968594653718	chrXII_192196_C_T_35617	chrXII_188098_C_G_35598	chrXII_192700_A_G_35620	0.0450431736638723	-0.218688436244048	188098	192700	yST381	ADG	YJM978 MatAlpha ho∆::HphMX (yST317)	YJM454 MatA ho∆::KanMX (BoxA1 B9)	381	MF2 p41Nat	944	0.218688436244048	['YLR024C']	1	YLR024C	UBR2	chrXII	187663	193281
20	Caffeine;15mM;2	chrXVI	208076	3028	chrXVI_207748_C_T_85270	28739	0.0001	0.000100005000333347	13.8358394247142	chrXVI_208076_C_T_85272	chrXVI_207664_G_A_85269	chrXVI_208615_A_G_85273	0.0339295056864272	-0.172501320935397	207664	208615	YLK3028	ACQ	Clib219 MatAlpha ho∆::HphMX (yST195)	M22 MatA  ho∆::KanMX (Box A1 E5)	3028	MF2 p41Nat	943	0.172501320935397	['YPL179W']	1	YPL179W	PPQ1	chrXVI	208157	209806
21	Cobalt_Chloride;2mM;2	chrXVI	208615	3043	chrXVI_208615_A_G_71829	23761	0.0001	0.000100005000333347	322.511087264549	chrXVI_208615_A_G_71829	chrXVI_208615_A_G_71829	chrXVI_209367_A_G_71833	0.795389427167053	-0.886231730613984	208615	209367	YLK3043	ABL	CBS2888 MatA ho∆::KanMX (Box A1 C3)	Clib219 MatAlpha ho∆::HphMX (yST195)	3043	MF2 p41Nat	943	0.886231730613984	['YPL179W']	1	YPL179W	PPQ1	chrXVI	208157	209806
22	Caffeine;15mM;2	chrVIII	144796	393	chrVIII_144796_C_G_34515	12426	0.000199999999999978	0.000125008750916772	7.45393264526706	chrVIII_144796_C_G_34515	chrVIII_144253_T_C_34511	chrVIII_145255_T_G_34518	0.0253420823048853	0.150057776352119	144253	145255	yST393	ACG	Clib413 MatA ho∆::KanMX (BoxA1 D3)	YJM978 MatAlpha ho∆::HphMX (yST317)	393	MF2 p41Nat	865	0.150057776352119	['YHR020W']	1	YHR020W	YHR020W	chrVIII	143996	146062
23	Caffeine;15mM;2	chrIX	32393	2999	chrIX_32276_T_C_40198	12984	9.9999999999989e-05	0.000100005000333347	15.2975816453477	chrIX_32393_T_C_40209	chrIX_32276_T_C_40198	chrIX_32408_A_G_40213	0.0124589353966749	0.118064525125915	32276	32408	YLK2999	ADF	YPS1009 MatAlpha  ho∆::HphMX (yST186)	I14 MatA ho∆::KanMX (BoxA1 E4)	2999	MF2 p41Nat	936	0.118064525125915	['YIL166C']	1	YIL166C	YIL166C	chrIX	30938	32566
24	Caffeine;15mM;2	chrIV	957311	2999	chrIV_957741_T_A_17003	5461	0.0001	0.000100005000333347	13.258634605985801	chrIV_957311_C_T_16993	chrIV_956957_G_A_16990	chrIV_957741_T_A_17003	0.0128446685963357	-0.109056221365358	956957	957741	YLK2999	ADF	YPS1009 MatAlpha  ho∆::HphMX (yST186)	I14 MatA ho∆::KanMX (BoxA1 E4)	2999	MF2 p41Nat	936	0.109056221365358	['YDR247W']	1	YDR247W	VHS1	chrIV	956013	957398
25	Cobalt_Chloride;2mM;2	chrVII	846945	3003	chrVII_846945_C_T_12637	5393	0.0001	0.000100005000333347	215.686322076838	chrVII_846945_C_T_12637	chrVII_846945_C_T_12637	chrVII_847302_C_G_12638	0.522260558027325	-0.72277290213176	846945	847302	YLK3003	SACE_MAA	273614 MatA ho∆::KanMX (yST133)	YJM981 MatAlpha ho∆::HphMX (yST191)	3003	MF2 p41Nat	899	0.72277290213176	['YGR175C']	1	YGR175C	ERG1	chrVII	846933	848423
26	Cobalt_Chloride;2mM;2	chrXV	907197	3001	chrXV_906890_C_T_86864	31525	0.0001	0.000100005000333347	135.439269758668	chrXV_907197_A_G_86865	chrXV_906890_C_T_86864	chrXV_907492_C_G_86867	0.536742546258611	-0.719790645075906	906890	907492	YLK3001	ACI	Y10 MatAlpha ho∆::HphMX (yST170)	PW5 MatA ho∆::KanMX (BoxA1 F4)	3001	MF2 p41Nat	648	0.719790645075906	['YOR316C']	1	YOR316C	COT1	chrXV	906236	907555
27	Cobalt_Chloride;2mM;2	chrXII	569709	2999	chrXII_569709_C_T_58166	18887	0.0001	0.000100005000333347	124.073364986918	chrXII_569709_C_T_58166	chrXII_569709_C_T_58166	chrXII_570428_A_C,T_58170	0.320492090789715	0.565508060508417	569709	570428	YLK2999	ADF	YPS1009 MatAlpha  ho∆::HphMX (yST186)	I14 MatA ho∆::KanMX (BoxA1 E4)	2999	MF2 p41Nat	936	0.565508060508417	['YLR214W']	1	YLR214W	FRE1	chrXII	568567	570627
28	Cobalt_Chloride;2mM;2	chrXVI	374061	3004	chrXVI_381633_TTTTTTG_T_74590	29242	0.0001	0.000100005000333347	65.1366789453659	chrXVI_374061_A_G_74486	chrXVI_373834_C_T_74485	chrXVI_375203_C_T_74489	0.0708721734942182	0.518003615041068	373834	375203	YLK3004	ADI	YJM981 MatAlpha ho∆::HphMX (yST191)	CBS2888 MatA ho∆::KanMX (Box A1 C3)	3004	MF2 p41Nat	867	0.518003615041068	['YPL092W']	1	YPL092W	SSU1	chrXVI	373793	375169
29	Cobalt_Chloride;2mM;2	chrXVI	374061	3004	chrXVI_691459_A_C_76546	30336	0.1642	0.0244564539069299	7.6445828058898	chrXVI_374061_A_G_74486	chrXVI_373834_C_T_74485	chrXVI_375203_C_T_74489	0.00988018595225271	-0.103344747824958	373834	375203	YLK3004	ADI	YJM981 MatAlpha ho∆::HphMX (yST191)	CBS2888 MatA ho∆::KanMX (Box A1 C3)	3004	MF2 p41Nat	867	0.103344747824958	['YPL092W']	1	YPL092W	SSU1	chrXVI	373793	375169
30	Fructose;;1	chrXVI	373674	3003	chrXVI_373674_G_A_36476	16401	0.0001	0.000100005000333347	19.1913922959165	chrXVI_373674_G_A_36476	chrXVI_373674_G_A_36476	chrXVI_374422_C_T_36482	0.06920784847851	0.345128728531413	373674	374422	YLK3003	SACE_MAA	273614 MatA ho∆::KanMX (yST133)	YJM981 MatAlpha ho∆::HphMX (yST191)	3003	MF2 p41Nat	899	0.345128728531413	['YPL092W']	1	YPL092W	SSU1	chrXVI	373793	375169
31	Neomycin;5mg/mL;2	chrXVI	373699	3028	chrXVI_373699_GC_G_86334	29631	0.0001	0.000100005000333347	98.7560780343711	chrXVI_373699_GC_G_86334	chrXVI_373699_GC_G_86334	chrXVI_374377_A_G_86338	0.164653685591939	0.507051236552772	373699	374377	YLK3028	ACQ	Clib219 MatAlpha ho∆::HphMX (yST195)	M22 MatA  ho∆::KanMX (Box A1 E5)	3028	MF2 p41Nat	943	0.507051236552772	['YPL092W']	1	YPL092W	SSU1	chrXVI	373793	375169
32	Cobalt_Chloride;2mM;2	chrXV	214604	3028	chrXV_214604_G_A_77339	25427	0.0001	0.000100005000333347	51.0290532843296	chrXV_214604_G_A_77339	chrXV_214070_A_G_77337	chrXV_215715_C_T_77349	0.0682484836666757	0.268438087086224	214070	215715	YLK3028	ACQ	Clib219 MatAlpha ho∆::HphMX (yST195)	M22 MatA  ho∆::KanMX (Box A1 E5)	3028	MF2 p41Nat	943	0.268438087086224	['YOL060C']	1	YOL060C	MAM3	chrXV	214017	216137
33	Cobalt_Chloride;2mM;2	chrVIII	19433	3028	chrVIII_19433_A_G_37189	11689	0.0001	0.00326381956854459	31.4427866559716	chrVIII_19433_A_G_37189	chrVIII_19004_A_T_37176	chrVIII_19661_C_T_37193	0.026591022348065	-0.248941491972031	19004	19661	YLK3028	ACQ	Clib219 MatAlpha ho∆::HphMX (yST195)	M22 MatA  ho∆::KanMX (Box A1 E5)	3028	MF2 p41Nat	943	0.248941491972031	['YHL040C']	1	YHL040C	ARN1	chrVIII	19088	20971
34	Fructose;;1	chrVIII	18967	3004	chrVIII_19760_T_A,G_33338	11801	0.00229999999999997	0.000834044266903106	13.7780021737033	chrVIII_18967_G_A_33335	chrVIII_18542_T_C_33328	chrVIII_19760_T_A,G_33338	0.0290510704763383	-0.218915501842696	18542	19760	YLK3004	ADI	YJM981 MatAlpha ho∆::HphMX (yST191)	CBS2888 MatA ho∆::KanMX (Box A1 C3)	3004	MF2 p41Nat	867	0.218915501842696	['YHL040C']	1	YHL040C	ARN1	chrVIII	19088	20971
35	Cobalt_Chloride;2mM;2	chrII	217636	B	chrII_217666_C_T_2661	785	0.0001	0.000100005000333347	43.354563228071	chrII_217636_A_G_2660	chrII_217636_A_G_2660	chrII_219635_T_C_2671	0.0546329484827629	0.235685730103014	217636	219635	YLK2444	ACD	YPS163 MatA ho∆::HphMX flo8∆::NatMX (YLK2438)	YJM145 MatAlpha ho∆::HphMX flo8∆::NatMX (YLK2436; yST176)	B	(none)	953	0.235685730103014	['YBL005W']	1	YBL005W	PDR3	chrII	217470	220400
36	Fluconazole;100uM;2	chrII	219120	3043	chrII_219120_T_A_3367	830	0.0001	0.000100005000333347	454.144858110891	chrII_219120_T_A_3367	chrII_219120_T_A_3367	chrII_219197_T_C_3368	0.865181585618453	0.940021134479121	219120	219197	YLK3043	ABL	CBS2888 MatA ho∆::KanMX (Box A1 C3)	Clib219 MatAlpha ho∆::HphMX (yST195)	3043	MF2 p41Nat	943	0.940021134479121	['YBL005W']	1	YBL005W	PDR3	chrII	217470	220400
37	Fluconazole;100uM;2	chrII	219282	3004	chrII_219282_A_G_3307	1074	0.0001	0.000100005000333347	148.375450682228	chrII_219282_A_G_3307	chrII_218672_C_T_3298	chrII_219410_C_T_3309	0.45869644990003	0.665989242223089	218672	219410	YLK3004	ADI	YJM981 MatAlpha ho∆::HphMX (yST191)	CBS2888 MatA ho∆::KanMX (Box A1 C3)	3004	MF2 p41Nat	867	0.665989242223089	['YBL005W']	1	YBL005W	PDR3	chrII	217470	220400
38	Fluconazole;100uM;2	chrII	218414	3049	chrII_218414_A_C_3918	1008	0.0001	0.000100005000333347	30.9977758705548	chrII_218414_A_C_3918	chrII_218414_A_C_3918	chrII_218630_C_T_3920	0.0710737643795104	0.264579284453085	218414	218630	YLK3049	ADE	PW5 MatAlpha ho∆::HphMX (yST235)	273614 MatA ho∆::KanMX (yST133)	3049	MF2 p41Nat	884	0.264579284453085	['YBL005W']	1	YBL005W	PDR3	chrII	217470	220400
39	Fluconazole;100uM;2	chrII	217666	B	chrII_217206_C_T_2658	783	0.0001	0.000100005000333347	36.4095656310502	chrII_217666_C_T_2661	chrII_217206_C_T_2658	chrII_218663_C_T_2666	0.0512914592200295	-0.238390573803653	217206	218663	YLK2444	ACD	YPS163 MatA ho∆::HphMX flo8∆::NatMX (YLK2438)	YJM145 MatAlpha ho∆::HphMX flo8∆::NatMX (YLK2436; yST176)	B	(none)	953	0.238390573803653	['YBL005W']	1	YBL005W	PDR3	chrII	217470	220400
40	Cobalt_Chloride;2mM;2	chrI	193631	A	chrI_194241_C_T_1289	314	0.0001	0.000100005000333347	23.4918822986271	chrI_193631_A_T_1282	chrI_192954_C_A_1278	chrI_193631_A_T_1282	0.0379322286297833	0.202034360336199	192954	193631	YLK1993		BY MatA (YLK1879)	RM MatAlpha AMN1-BY ho∆::HphMX flo8∆::NatMX (YLK1950)	A	(none)	951	0.202034360336199	['YAR042W']	1	YAR042W	SWH1	chrI	192619	196185
41	Fluconazole;100uM;2	chrI	193631	375	chrI_193631_A_T_1381	477	0.0001	0.000100005000333347	19.9253270472647	chrI_193631_A_T_1381	chrI_192945_C_T_1376	chrI_193631_A_T_1381	0.0370545739283518	0.209122490453831	192945	193631	yST375	ADR	M22 MatAlpha dHO::HphMX 4 (YST331)	BY MatA (YLK1879)	375	MF2 p41Nat	876	0.209122490453831	['YAR042W']	1	YAR042W	SWH1	chrI	192619	196185
42	Neomycin;5mg/mL;2	chrI	193631	A	chrI_193631_A_T_1282	312	0.0001	0.000100005000333347	27.9790762164317	chrI_193631_A_T_1282	chrI_192954_C_A_1278	chrI_193631_A_T_1282	0.0515710502569938	-0.233103368900432	192954	193631	YLK1993		BY MatA (YLK1879)	RM MatAlpha AMN1-BY ho∆::HphMX flo8∆::NatMX (YLK1950)	A	(none)	951	0.233103368900432	['YAR042W']	1	YAR042W	SWH1	chrI	192619	196185
43	Neomycin;5mg/mL;2	chrI	193631	375	chrI_196564_G_A_1405	490	0.0001	0.000100005000333347	10.7200283728787	chrI_193631_A_T_1381	chrI_192693_C_T_1375	chrI_197123_G_A_1423	0.0288775252853483	-0.166188183284984	192693	197123	yST375	ADR	M22 MatAlpha dHO::HphMX 4 (YST331)	BY MatA (YLK1879)	375	MF2 p41Nat	876	0.166188183284984	['YAR042W']	1	YAR042W	SWH1	chrI	192619	196185
44	Cobalt_Chloride;2mM;2	chrIII	96019	375	chrIII_96019_A_G_6082	2490	0.0001	0.000100005000333347	18.0583124191479	chrIII_96019_A_G_6082	chrIII_94470_T_G_6068	chrIII_100653_T_C_6106	0.0344395886137715	-0.189381337369555	94470	100653	yST375	ADR	M22 MatAlpha dHO::HphMX 4 (YST331)	BY MatA (YLK1879)	375	MF2 p41Nat	876	0.189381337369555	['YCL016C']	1	YCL016C	DCC1	chrIII	94621	95763
45	Cobalt_Chloride;2mM;2	chrVII	800250	375	chrVII_800250_T_C_18610	7489	0.0001	0.000100005000333347	15.1379236652621	chrVII_800250_T_C_18610	chrVII_800250_T_C_18610	chrVII_800725_A_G_18613	0.0299771550528494	-0.167523275208089	800250	800725	yST375	ADR	M22 MatAlpha dHO::HphMX 4 (YST331)	BY MatA (YLK1879)	375	MF2 p41Nat	876	0.167523275208089	['YGR156W']	1	YGR156W	PTI1	chrVII	800546	801823
46	Cobalt_Chloride;2mM;2	chrXII	814904	393	chrXII_811532_G_A_53268	20521	0.000199999999999978	0.000107148929071469	7.67674853474313	chrXII_814904_G_A_53463	chrXII_811472_G_A_53265	chrXII_815533_CAACCAA_C_53532	0.0190078496256717	-0.127380336157091	811472	815533	yST393	ACG	Clib413 MatA ho∆::KanMX (BoxA1 D3)	YJM978 MatAlpha ho∆::HphMX (yST317)	393	MF2 p41Nat	865	0.127380336157091	['YLR342W']	1	YLR342W	FKS1	chrXII	809997	815627
47	Cobalt_Chloride;2mM;2	chrVI	114171	3028	chrVI_114171_A_T_27560	8695	0.0614	0.0143253754369793	7.00167989393452	chrVI_114171_A_T_27560	chrVI_111687_A_G_27534	chrVI_114541_T_C_27570	0.00578831533095916	-0.0751509049033104	111687	114541	YLK3028	ACQ	Clib219 MatAlpha ho∆::HphMX (yST195)	M22 MatA  ho∆::KanMX (Box A1 E5)	3028	MF2 p41Nat	943	0.0751509049033104	['YFL011W']	1	YFL011W	HXT10	chrVI	112345	113985
48	Fluconazole;100uM;2	chrXII	649837	375	chrXII_649837_A_G_34144	13606	0.0001	0.000100005000333347	119.090147314786	chrXII_649837_A_G_34144	chrXII_648877_T_C_34140	chrXII_650831_A_AGTGATGCGGTTTGTTTATG,G_34162	0.323113357195497	0.574165416926138	648877	650831	yST375	ADR	M22 MatAlpha dHO::HphMX 4 (YST331)	BY MatA (YLK1879)	375	MF2 p41Nat	876	0.574165416926138	['YLR256W']	1	YLR256W	HAP1	chrXII	646415	650923
49	Fluconazole;100uM;2	chrVIII	120226	376	chrVIII_120226_A_G_34558	13578	0.0001	0.000100005000333347	57.8384426100839	chrVIII_120226_A_G_34558	chrVIII_120226_A_G_34558	chrVIII_120445_A_G_34561	0.214661064476698	-0.546558734228375	120226	120445	yST376	AAA	RM MatAlpha AMN1-BY ho∆::HphMX flo8∆::NatMX (YLK1950)	YPS163 MatA ho∆::HphMX flo8∆::NatMX (YLK2438)	376	MF2 p41Neo	709	0.546558734228375	['YHR007C']	1	YHR007C	ERG11	chrVIII	120091	121683
50	Fluconazole;100uM;2	chrVIII	121315	2999	chrVIII_121477_A_T_36832	11934	0.0001	0.000100005000333347	76.1527503124847	chrVIII_121315_T_C_36831	chrVIII_120226_A_G_36826	chrVIII_122445_G_A_36844	0.190163626871946	-0.444741398667661	120226	122445	YLK2999	ADF	YPS1009 MatAlpha  ho∆::HphMX (yST186)	I14 MatA ho∆::KanMX (BoxA1 E4)	2999	MF2 p41Nat	936	0.444741398667661	['YHR007C']	1	YHR007C	ERG11	chrVIII	120091	121683
51	Fluconazole;100uM;2	chrVIII	121733	A	chrVIII_121315_T_C_20552	5909	0.0001	0.000100005000333347	32.3788932944985	chrVIII_121733_G_GA_20553	chrVIII_121315_T_C_20552	chrVIII_121745_A_T_20554	0.0756206164887758	0.266628246528011	121315	121745	YLK1993		BY MatA (YLK1879)	RM MatAlpha AMN1-BY ho∆::HphMX flo8∆::NatMX (YLK1950)	A	(none)	951	0.266628246528011	['YHR007C']	1	YHR007C	ERG11	chrVIII	120091	121683
52	Fluconazole;100uM;2	chrVIII	123099	393	chrVIII_124457_T_C_34364	12365	0.0001	0.000100005000333347	57.9909910963502	chrVIII_123099_T_C_34352	chrVIII_122893_A_G_34351	chrVIII_123473_A_G_34355	0.0812451961406021	-0.328203749208203	122893	123473	yST393	ACG	Clib413 MatA ho∆::KanMX (BoxA1 D3)	YJM978 MatAlpha ho∆::HphMX (yST317)	393	MF2 p41Nat	865	0.328203749208203	['YHR008C']	1	YHR008C	SOD2	chrVIII	122889	123590
53	Fluconazole;100uM;2	chrVIII	119665	3003	chrVIII_119665_A_ACCCC,ATCC,ACC_14258	6034	0.0001	0.000100005000333347	16.8137268707429	chrVIII_119665_A_ACCCC,ATCC,ACC_14258	chrVIII_117131_G_A_14222	chrVIII_119759_C_T,*_14262	0.0368663428037393	0.228367656523358	117131	119759	YLK3003	SACE_MAA	273614 MatA ho∆::KanMX (yST133)	YJM981 MatAlpha ho∆::HphMX (yST191)	3003	MF2 p41Nat	899	0.228367656523358	['YHR006W']	1	YHR006W	STP2	chrVIII	117814	119439
54	Fluconazole;100uM;2	chrXV	586696	2999	chrXV_586553_G_A_76839	25073	0.0001	0.000100005000333347	20.2808443777036	chrXV_586696_A_G_76841	chrXV_586553_G_A_76839	chrXV_589883_G_T,GTTTT,GTTT_76861	0.0592956856811211	0.224104688051509	586553	589883	YLK2999	ADF	YPS1009 MatAlpha  ho∆::HphMX (yST186)	I14 MatA ho∆::KanMX (BoxA1 E4)	2999	MF2 p41Nat	936	0.224104688051509	['YOR140W']	1	YOR140W	SFL1	chrXV	586981	589281
55	Fluconazole;100uM;2	chrVII	798910	375	chrVII_798910_T_A_18604	7484	0.0001	0.000100005000333347	18.8315172216355	chrVII_798910_T_A_18604	chrVII_798910_T_A_18604	chrVII_799904_C_T_18609	0.0368015509958967	0.200336489367127	798910	799904	yST375	ADR	M22 MatAlpha dHO::HphMX 4 (YST331)	BY MatA (YLK1879)	375	MF2 p41Nat	876	0.200336489367127	['YGR155W']	1	YGR155W	CYS4	chrVII	798543	800066
56	Fructose;;1	chrVII	799451	3028	chrVII_799451_C_T_34984	11045	0.0001	0.000100005000333347	50.4243229000346	chrVII_799451_C_T_34984	chrVII_799451_C_T_34984	chrVII_799595_A_G_34985	0.0295681154802013	-0.19774364830101	799451	799595	YLK3028	ACQ	Clib219 MatAlpha ho∆::HphMX (yST195)	M22 MatA  ho∆::KanMX (Box A1 E5)	3028	MF2 p41Nat	943	0.19774364830101	['YGR155W']	1	YGR155W	CYS4	chrVII	798543	800066
57	Fluconazole;100uM;2	chrXIV	301781	393	chrXIV_301781_C_G_62714	24341	0.0001	0.000100005000333347	15.2405047686627	chrXIV_301781_C_G_62714	chrXIV_299817_G_T_62695	chrXIV_302598_T_G_62732	0.0480424823391793	0.161953325528751	299817	302598	yST393	ACG	Clib413 MatA ho∆::KanMX (BoxA1 D3)	YJM978 MatAlpha ho∆::HphMX (yST317)	393	MF2 p41Nat	865	0.161953325528751	['YNL180C']	1	YNL180C	RHO5	chrXIV	299654	300649
58	Fluconazole;100uM;2	chrXV	943140	375	chrXV_943140_C_T_47439	19003	0.0001	0.000100005000333347	11.2388492525577	chrXV_943140_C_T_47439	chrXV_942317_C_T_47436	chrXV_943140_C_T_47439	0.0209711035353295	-0.148845496398346	942317	943140	yST375	ADR	M22 MatAlpha dHO::HphMX 4 (YST331)	BY MatA (YLK1879)	375	MF2 p41Nat	876	0.148845496398346	['YOR330C']	1	YOR330C	MIP1	chrXV	939621	943385
59	Fructose;;1	chrXV	565236	3028	chrXV_565236_A_G_80089	26394	0.0001	0.000100005000333347	398.03229845248	chrXV_565236_A_G_80089	chrXV_565236_A_G_80089	chrXV_566820_A_T_80103	0.704561458827645	0.938712163093593	565236	566820	YLK3028	ACQ	Clib219 MatAlpha ho∆::HphMX (yST195)	M22 MatA  ho∆::KanMX (Box A1 E5)	3028	MF2 p41Nat	943	0.938712163093593	['YOR128C']	1	YOR128C	ADE2	chrXV	564476	566191
60	Fructose;;1	chrXV	565236	3043	chrXV_565236_A_G_67534	22263	0.0001	0.000100005000333347	395.933480375715	chrXV_565236_A_G_67534	chrXV_565236_A_G_67534	chrXV_565236_A_G_67534	0.833035142862274	-0.922114619743238	565236	565236	YLK3043	ABL	CBS2888 MatA ho∆::KanMX (Box A1 C3)	Clib219 MatAlpha ho∆::HphMX (yST195)	3043	MF2 p41Nat	943	0.922114619743238	['YOR128C']	1	YOR128C	ADE2	chrXV	564476	566191
61	Fructose;;1	chrXV	559459	B	chrXV_559459_T_C_61134	18727	0.0001	0.000100005000333347	102.70499077766	chrXV_559459_T_C_61134	chrXV_559459_T_C_61134	chrXV_559768_T_G_61138	0.357429881693129	0.505550545972237	559459	559768	YLK2444	ACD	YPS163 MatA ho∆::HphMX flo8∆::NatMX (YLK2438)	YJM145 MatAlpha ho∆::HphMX flo8∆::NatMX (YLK2436; yST176)	B	(none)	953	0.505550545972237	['YOR125C']	1	YOR125C	CAT5	chrXV	559030	559731
62	Fructose;;1	chrIX	29272	381	chrIX_29272_A_T_25757	8899	0.0001	0.000100005000333347	73.4505503568602	chrIX_29272_A_T_25757	chrIX_29272_A_T_25757	chrIX_29781_G_A_25762	0.126634210897186	-0.482137804166869	29272	29781	yST381	ADG	YJM978 MatAlpha ho∆::HphMX (yST317)	YJM454 MatA ho∆::KanMX (BoxA1 B9)	381	MF2 p41Nat	944	0.482137804166869	['YIL167W']	1	YIL167W	SDL1	chrIX	29032	30048
63	Fructose;;1	chrXIV	377031	A	chrXIV_377031_A_G_40942	11950	0.0001	0.000100005000333347	51.2463216715364	chrXIV_377031_A_G_40942	chrXIV_376313_C_T_40938	chrXIV_377751_G_A_40944	0.125504847331685	-0.390803526437709	376313	377751	YLK1993		BY MatA (YLK1879)	RM MatAlpha AMN1-BY ho∆::HphMX flo8∆::NatMX (YLK1950)	A	(none)	951	0.390803526437709	['YNL132W']	1	YNL132W	KRE33	chrXIV	375321	378491
64	Fructose;;1	chrXV	46390	3001	chrXV_46411_T_C_79711	29127	0.0001	0.000100005000333347	31.0361223446924	chrXV_46390_C_T_79710	chrXV_46390_C_T_79710	chrXV_46436_CGT_C_79713	0.160126848199539	-0.368410695179706	46390	46436	YLK3001	ACI	Y10 MatAlpha ho∆::HphMX (yST170)	PW5 MatA ho∆::KanMX (BoxA1 F4)	3001	MF2 p41Nat	648	0.368410695179706	['YOL148C']	1	YOL148C	SPT20	chrXV	45760	47574
65	Fructose;;1	chrXIV	364317	B	chrXIV_364317_A_T_54858	16821	0.0001	0.000100005000333347	49.9080735469099	chrXIV_364317_A_T_54858	chrXIV_363393_T_A,G_54854	chrXIV_364987_G_A_54861	0.0633529152264318	0.305443181545087	363393	364987	YLK2444	ACD	YPS163 MatA ho∆::HphMX flo8∆::NatMX (YLK2438)	YJM145 MatAlpha ho∆::HphMX flo8∆::NatMX (YLK2436; yST176)	B	(none)	953	0.305443181545087	['YNL139C']	1	YNL139C	THO2	chrXIV	360924	365717
66	Fructose;;1	chrII	527516	3001	chrII_527516_C_T_6685	2315	0.0001	0.000100005000333347	20.0288644659457	chrII_527516_C_T_6685	chrII_526731_C_G_6678	chrII_527601_G_A_6688	0.0621237785313025	-0.28267650326946	526731	527601	YLK3001	ACI	Y10 MatAlpha ho∆::HphMX (yST170)	PW5 MatA ho∆::KanMX (BoxA1 F4)	3001	MF2 p41Nat	648	0.28267650326946	['YBR141C']	1	YBR141C	BMT2	chrII	527025	528038
67	Fructose;;1	chrV	377190	375	chrV_376468_A_C_12547	5314	0.0001	0.000100005000333347	26.8937969310868	chrV_377190_T_C_12549	chrV_376468_A_C_12547	chrV_377281_C_T_12550	0.069716932226039	-0.262225616548331	376468	377281	yST375	ADR	M22 MatAlpha dHO::HphMX 4 (YST331)	BY MatA (YLK1879)	375	MF2 p41Nat	876	0.262225616548331	['YER109C']	1	YER109C	FLO8	chrV	375215	377614
68	Fructose;;1	chrVII	124931	B	chrVII_125786_A_G_23337	6853	0.0001	0.000100005000333347	18.9990286614777	chrVII_124931_T_C_23324	chrVII_124322_C_T_23315	chrVII_125897_A_C_23339	0.036030592296337	0.179981435790467	124322	125897	YLK2444	ACD	YPS163 MatA ho∆::HphMX flo8∆::NatMX (YLK2438)	YJM145 MatAlpha ho∆::HphMX flo8∆::NatMX (YLK2436; yST176)	B	(none)	953	0.179981435790467	['YGL197W']	1	YGL197W	MDS3	chrVII	124698	129161
69	Lithium_Chloride;100mM;2	chrIV	511717	2999	chrIV_511717_C_A_13560	4440	0.0001	0.000100005000333347	331.553519864086	chrIV_511717_C_A_13560	chrIV_511717_C_A_13560	chrIV_511948_A_C_13563	0.759661085484466	-0.870544587940181	511717	511948	YLK2999	ADF	YPS1009 MatAlpha  ho∆::HphMX (yST186)	I14 MatA ho∆::KanMX (BoxA1 E4)	2999	MF2 p41Nat	936	0.870544587940181	['YDR034C']	1	YDR034C	LYS14	chrIV	509737	512109
70	Lithium_Chloride;100mM;2	chrIV	510253	3004	chrIV_510253_C_G_12867	4369	0.0001	0.000100005000333347	288.394784928921	chrIV_510253_C_G_12867	chrIV_510253_C_G_12867	chrIV_510253_C_G_12867	0.726085367060015	0.852896481432737	510253	510253	YLK3004	ADI	YJM981 MatAlpha ho∆::HphMX (yST191)	CBS2888 MatA ho∆::KanMX (Box A1 C3)	3004	MF2 p41Nat	867	0.852896481432737	['YDR034C']	1	YDR034C	LYS14	chrIV	509737	512109
71	Lithium_Chloride;100mM;2	chrIV	538660	3008	chrIV_538660_T_C_12339	4424	0.0001	0.000100005000333347	234.301475024079	chrIV_538660_T_C_12339	chrIV_538081_A_G_12336	chrIV_539402_T_C_12356	0.713292974716585	-0.808843177342971	538081	539402	YLK3008	ABH	YJM454 MatA ho∆::KanMX (BoxA1 B9)	YPS1009 MatAlpha  ho∆::HphMX (yST186)	3008	MF2 p41Nat	795	0.808843177342971	['YDR040C']	1	YDR040C	ENA1	chrIV	535192	538467
72	Neomycin;5mg/mL;2	chrIV	538081	3008	chrIV_543812_C_T_12387	4437	0.0001	0.000100005000333347	51.9852861043525	chrIV_538081_A_G_12336	chrIV_538081_A_G_12336	chrIV_538470_A_G_12338	0.096985201215487	-0.320437339029193	538081	538470	YLK3008	ABH	YJM454 MatA ho∆::KanMX (BoxA1 B9)	YPS1009 MatAlpha  ho∆::HphMX (yST186)	3008	MF2 p41Nat	795	0.320437339029193	['YDR040C']	1	YDR040C	ENA1	chrIV	535192	538467
73	Lithium_Chloride;100mM;2	chrIV	527319	A	chrIV_527319_C_G_8628	2448	0.0001	0.000100005000333347	256.488237621829	chrIV_527319_C_G_8628	chrIV_527319_C_G_8628	chrIV_530731_NA_DEL_8641	0.421824137685551	-0.661915113664912	527319	530731	YLK1993		BY MatA (YLK1879)	RM MatAlpha AMN1-BY ho∆::HphMX flo8∆::NatMX (YLK1950)	A	(none)	951	0.661915113664912	['YDR038C']	1	YDR038C	ENA5	chrIV	527422	530697
74	Lithium_Chloride;100mM;2	chrIV	527530	375	chrIV_527530_A_C_8652	3648	0.0001	0.000100005000333347	160.821163123408	chrIV_527530_A_C_8652	chrIV_527530_A_C_8652	chrIV_527851_A_G_8655	0.32498241065063	-0.574330867701289	527530	527851	yST375	ADR	M22 MatAlpha dHO::HphMX 4 (YST331)	BY MatA (YLK1879)	375	MF2 p41Nat	876	0.574330867701289	['YDR038C']	1	YDR038C	ENA5	chrIV	527422	530697
75	Lithium_Chloride;100mM;2	chrIV	524036	3049	chrIV_524036_G_A_13753	4384	0.0001	0.000100005000333347	165.339392021196	chrIV_524036_G_A_13753	chrIV_524036_G_A_13753	chrIV_524086_C_T_13761	0.404932105051516	-0.605717027412623	524036	524086	YLK3049	ADE	PW5 MatAlpha ho∆::HphMX (yST235)	273614 MatA ho∆::KanMX (yST133)	3049	MF2 p41Nat	884	0.605717027412623	['YDR036C']	1	YDR036C	EHD3	chrIV	523211	524713
76	Lithium_Chloride;100mM;2	chrVIII	52971	393	chrVIII_52999_C_T_33968	12196	0.0001	0.000100005000333347	161.43269743014	chrVIII_52971_C_A_33967	chrVIII_52652_T_A_33964	chrVIII_53127_G_A_33971	0.292943881219614	0.52768446330561	52652	53127	yST393	ACG	Clib413 MatA ho∆::KanMX (BoxA1 D3)	YJM978 MatAlpha ho∆::HphMX (yST317)	393	MF2 p41Nat	865	0.52768446330561	['YHL027W']	1	YHL027W	RIM101	chrVIII	51111	52988
77	Lithium_Chloride;100mM;2	chrVIII	52161	376	chrVIII_52161_G_A_34094	13390	0.0001	0.000100005000333347	75.6157474219704	chrVIII_52161_G_A_34094	chrVIII_50980_CTT_C,CT,CTTT_34077	chrVIII_52183_G_A_34095	0.178659450707272	0.416278422975492	50980	52183	yST376	AAA	RM MatAlpha AMN1-BY ho∆::HphMX flo8∆::NatMX (YLK1950)	YPS163 MatA ho∆::HphMX flo8∆::NatMX (YLK2438)	376	MF2 p41Neo	709	0.416278422975492	['YHL027W']	1	YHL027W	RIM101	chrVIII	51111	52988
78	Lithium_Chloride;100mM;2	chrVIII	51686	B	chrVIII_51686_G_A_29538	8757	0.0001	0.000100005000333347	89.7572061285168	chrVIII_51686_G_A_29538	chrVIII_51309_T_G_29532	chrVIII_52712_C_T_29547	0.11131876097406	0.323608221628293	51309	52712	YLK2444	ACD	YPS163 MatA ho∆::HphMX flo8∆::NatMX (YLK2438)	YJM145 MatAlpha ho∆::HphMX flo8∆::NatMX (YLK2436; yST176)	B	(none)	953	0.323608221628293	['YHL027W']	1	YHL027W	RIM101	chrVIII	51111	52988
79	Lithium_Chloride;100mM;2	chrVIII	51378	3049	chrVIII_51378_A_T_32582	10994	0.0001	0.000100005000333347	16.4973865065828	chrVIII_51378_A_T_32582	chrVIII_50752_T_C_32567	chrVIII_52078_A_G_32597	0.0770396527696969	0.185862963730395	50752	52078	YLK3049	ADE	PW5 MatAlpha ho∆::HphMX (yST235)	273614 MatA ho∆::KanMX (yST133)	3049	MF2 p41Nat	884	0.185862963730395	['YHL027W']	1	YHL027W	RIM101	chrVIII	51111	52988
80	Lithium_Chloride;100mM;2	chrIX	101771	B	chrIX_101771_A_C_32930	9772	0.0001	0.000100005000333347	76.7130002491308	chrIX_101771_A_C_32930	chrIX_101771_A_C_32930	chrIX_102536_CTTTTTT_C,CT,CTT_32936	0.123136801465419	0.308767711102305	101771	102536	YLK2444	ACD	YPS163 MatA ho∆::HphMX flo8∆::NatMX (YLK2438)	YJM145 MatAlpha ho∆::HphMX flo8∆::NatMX (YLK2436; yST176)	B	(none)	953	0.308767711102305	['YIL131C']	1	YIL131C	FKH1	chrIX	100781	102235
81	Lithium_Chloride;100mM;2	chrIX	104128	A	chrIX_103838_A_T_22643	6466	0.0001	0.000100005000333347	62.0966682927563	chrIX_104128_G_A_22645	chrIX_103157_T_C_22637	chrIX_105385_CAATAGTGGTAATAGTAGTAAT_C,TAATAGTGGTAATAGTAGTAAT,*_22657	0.0754556087440326	0.252729626331014	103157	105385	YLK1993		BY MatA (YLK1879)	RM MatAlpha AMN1-BY ho∆::HphMX flo8∆::NatMX (YLK1950)	A	(none)	951	0.252729626331014	['YIL130W']	1	YIL130W	ASG1	chrIX	102782	105676
82	Lithium_Chloride;100mM;2	chrVII	992385	377	chrVII_992385_C_T_20058	9509	0.0001	0.000100005000333347	21.0197963927423	chrVII_992385_C_T_20058	chrVII_991617_G_A_20048	chrVII_993021_C_A_20063	0.0284075403041054	0.235733695612255	991617	993021	yST377	AAS	YJM145 MatAlpha ho∆::HphMX flo8∆::NatMX (yST176)	Clib413 MatA ho∆::KanMX (BoxA1 D3)	377	MF2 p41Nat	841	0.235733695612255	['YGR250C']	1	YGR250C	YGR250C	chrVII	991176	993521
83	Lithium_Chloride;100mM;2	chrXIII	699964	3043	chrXIII_699964_C_T_57126	18763	0.0001	0.000100005000333347	19.9913044133694	chrXIII_699964_C_T_57126	chrXIII_698997_A_G_57118	chrXIII_700050_G_A_57130	0.0495000474272448	-0.23343395066389	698997	700050	YLK3043	ABL	CBS2888 MatA ho∆::KanMX (Box A1 C3)	Clib219 MatAlpha ho∆::HphMX (yST195)	3043	MF2 p41Nat	943	0.23343395066389	['YMR216C']	1	YMR216C	SKY1	chrXIII	698811	701039
84	Lithium_Chloride;100mM;2	chrXI	616713	375	chrXI_616020_C_T_31802	12572	0.0001	0.000100005000333347	23.2397175347193	chrXI_616713_T_C_31809	chrXI_615148_C_T_31789	chrXI_618029_G_A_31818	0.0854977726009032	-0.199999426235924	615148	618029	yST375	ADR	M22 MatAlpha dHO::HphMX 4 (YST331)	BY MatA (YLK1879)	375	MF2 p41Nat	876	0.199999426235924	['YKR093W']	1	YKR093W	PTR2	chrXI	615730	617535
85	Lithium_Chloride;100mM;2	chrXI	617495	3003	chrXI_617495_T_C_23771	10345	0.0001	0.000100005000333347	28.2922976587706	chrXI_617495_T_C_23771	chrXI_617158_T_G_23769	chrXI_618029_G_A_23774	0.0334250779531545	-0.188288264582606	617158	618029	YLK3003	SACE_MAA	273614 MatA ho∆::KanMX (yST133)	YJM981 MatAlpha ho∆::HphMX (yST191)	3003	MF2 p41Nat	899	0.188288264582606	['YKR093W']	1	YKR093W	PTR2	chrXI	615730	617535
86	Neomycin;5mg/mL;2	chrIV	46064	3043	chrIV_48046_A_G_10048	2666	0.0001	0.000100005000333347	242.785920698997	chrIV_46064_A_C_10040	chrIV_46064_A_C_10040	chrIV_48489_T_C_10055	0.614752859717031	-0.794844889530096	46064	48489	YLK3043	ABL	CBS2888 MatA ho∆::KanMX (Box A1 C3)	Clib219 MatAlpha ho∆::HphMX (yST195)	3043	MF2 p41Nat	943	0.794844889530096	['YDL227C']	1	YDL227C	HO	chrIV	46271	48031
87	Neomycin;5mg/mL;2	chrIV	48008	2999	chrIV_48008_A_G_10510	3360	0.0001	0.000100005000333347	257.999208213428	chrIV_48008_A_G_10510	chrIV_48008_A_G_10510	chrIV_48346_G_A_10512	0.423647708178066	-0.664463770789775	48008	48346	YLK2999	ADF	YPS1009 MatAlpha  ho∆::HphMX (yST186)	I14 MatA ho∆::KanMX (BoxA1 E4)	2999	MF2 p41Nat	936	0.664463770789775	['YDL227C']	1	YDL227C	HO	chrIV	46271	48031
88	Neomycin;5mg/mL;2	chrIV	46064	393	chrIV_46064_A_C_10054	3293	0.0001	0.000100005000333347	186.541010930326	chrIV_46064_A_C_10054	chrIV_46064_A_C_10054	chrIV_46353_NA_DEL_10066	0.433687777962428	-0.658746667904893	46064	46353	yST393	ACG	Clib413 MatA ho∆::KanMX (BoxA1 D3)	YJM978 MatAlpha ho∆::HphMX (yST317)	393	MF2 p41Nat	865	0.658746667904893	['YDL227C']	1	YDL227C	HO	chrIV	46271	48031
89	Neomycin;5mg/mL;2	chrIV	48008	3008	chrIV_48008_A_G_9361	3177	0.0001	0.000100005000333347	145.551308737432	chrIV_48008_A_G_9361	chrIV_48008_A_G_9361	chrIV_48737_A_G_9365	0.32096805763655	-0.583507121987164	48008	48737	YLK3008	ABH	YJM454 MatA ho∆::KanMX (BoxA1 B9)	YPS1009 MatAlpha  ho∆::HphMX (yST186)	3008	MF2 p41Nat	795	0.583507121987164	['YDL227C']	1	YDL227C	HO	chrIV	46271	48031
90	Neomycin;5mg/mL;2	chrIV	49711	3001	chrIV_46064_A_C_12747	4257	0.0001	0.000100005000333347	50.9144505205709	chrIV_49711_C_G_12759	chrIV_46064_A_C_12747	chrIV_50093_A_G_12761	0.160708013999614	-0.40703150102411	46064	50093	YLK3001	ACI	Y10 MatAlpha ho∆::HphMX (yST170)	PW5 MatA ho∆::KanMX (BoxA1 F4)	3001	MF2 p41Nat	648	0.40703150102411	['YDL227C']	1	YDL227C	HO	chrIV	46271	48031
91	Neomycin;5mg/mL;2	chrIV	46064	3000	chrIV_49675_A_G_8995	3538	0.0001	0.000100005000333347	45.5196363320007	chrIV_46064_A_C_8983	chrIV_46064_A_C_8983	chrIV_49711_C_G_8996	0.125089429059899	-0.360979758790704	46064	49711	YLK3000	ACS	I14 MatA ho∆::KanMX (BoxA1 E4)	Y10 MatAlpha ho∆::HphMX (yST188)	3000	MF2 p41Nat	896	0.360979758790704	['YDL227C']	1	YDL227C	HO	chrIV	46271	48031
92	Neomycin;5mg/mL;2	chrXV	76370	3001	chrXV_76208_A_C_80067	29257	0.0001	0.000100005000333347	70.3692688136651	chrXV_76370_G_A_80080	chrXV_75605_G_A_80045	chrXV_76439_C_T_80092	0.235012462681834	0.500578274815203	75605	76439	YLK3001	ACI	Y10 MatAlpha ho∆::HphMX (yST170)	PW5 MatA ho∆::KanMX (BoxA1 F4)	3001	MF2 p41Nat	648	0.500578274815203	['YOL130W']	1	YOL130W	ALR1	chrXV	74400	76979
93	Neomycin;5mg/mL;2	chrXV	76655	2999	chrXV_76655_A_G_73366	23865	0.0001	0.000100005000333347	150.535962868784	chrXV_76655_A_G_73366	chrXV_76655_A_G_73366	chrXV_76776_T_C_73374	0.181327581290034	0.435895728031772	76655	76776	YLK2999	ADF	YPS1009 MatAlpha  ho∆::HphMX (yST186)	I14 MatA ho∆::KanMX (BoxA1 E4)	2999	MF2 p41Nat	936	0.435895728031772	['YOL130W']	1	YOL130W	ALR1	chrXV	74400	76979
94	Neomycin;5mg/mL;2	chrXV	74126	381	chrXV_74126_C_T_49092	19288	0.0001	0.000100005000333347	79.558526499978	chrXV_74126_C_T_49092	chrXV_73503_T_A_49087	chrXV_77404_G_C,A_49135	0.108299108797053	0.345003650753141	73503	77404	yST381	ADG	YJM978 MatAlpha ho∆::HphMX (yST317)	YJM454 MatA ho∆::KanMX (BoxA1 B9)	381	MF2 p41Nat	944	0.345003650753141	['YOL130W']	1	YOL130W	ALR1	chrXV	74400	76979
95	Neomycin;5mg/mL;2	chrIV	545729	3000	chrIV_545729_C_A_11919	4657	0.0001	0.000100005000333347	41.5198033999036	chrIV_545729_C_A_11919	chrIV_545729_C_A_11919	chrIV_547902_G_A_11931	0.106825566188547	-0.329880082781082	545729	547902	YLK3000	ACS	I14 MatA ho∆::KanMX (BoxA1 E4)	Y10 MatAlpha ho∆::HphMX (yST188)	3000	MF2 p41Nat	896	0.329880082781082	['YDR044W']	1	YDR044W	HEM13	chrIV	546642	547628
96	Neomycin;5mg/mL;2	chrIV	590540	B	chrIV_590540_T_C_12080	3384	0.0001	0.000100005000333347	44.2701469713539	chrIV_590540_T_C_12080	chrIV_590540_T_C_12080	chrIV_591234_T_C_12087	0.0961201734118443	-0.301252185269461	590540	591234	YLK2444	ACD	YPS163 MatA ho∆::HphMX flo8∆::NatMX (YLK2438)	YJM145 MatAlpha ho∆::HphMX flo8∆::NatMX (YLK2436; yST176)	B	(none)	953	0.301252185269461	['YDR072C']	1	YDR072C	IPT1	chrIV	589761	591344
97	Neomycin;5mg/mL;2	chrXII	256508	393	chrXII_256370_C_G_49854	18962	0.0001	0.000100005000333347	47.9170480472081	chrXII_256508_A_G_49856	chrXII_255164_GA_GAA,GAAA,AA,G_49844	chrXII_256855_C_T_49865	0.0840142754963293	0.282061240191147	255164	256855	yST393	ACG	Clib413 MatA ho∆::KanMX (BoxA1 D3)	YJM978 MatAlpha ho∆::HphMX (yST317)	393	MF2 p41Nat	865	0.282061240191147	['YLR057W']	1	YLR057W	MNL2	chrXII	255306	257855
98	Neomycin;5mg/mL;2	chrXVI	181552	3028	chrXVI_181552_T_C_85082	28588	0.0001	0.000100005000333347	13.4727334649294	chrXVI_181552_T_C_85082	chrXVI_181440_G_A_85081	chrXVI_181552_T_C_85082	0.0176112860330156	-0.135279498787232	181440	181552	YLK3028	ACQ	Clib219 MatAlpha ho∆::HphMX (yST195)	M22 MatA  ho∆::KanMX (Box A1 E5)	3028	MF2 p41Nat	943	0.135279498787232	['YPL193W']	1	YPL193W	RSA1	chrXVI	181403	182548
